{"cameraMode":{"drawMode":0,"name":"Shaded","section":"Shading Mode"},"sceneLighting":false,"audioPlay":false,"sceneViewState":{"m_AlwaysRefresh":false,"showFog":true,"showSkybox":false,"showFlares":true,"showImageEffects":true,"showParticleSystems":true,"showVisualEffectGraphs":true,"m_FxEnabled":true},"in2DMode":false,"pivot":{"x":-2.0739998817443849,"y":5.0931243896484379,"z":17.85650062561035},"rotation":{"x":0.14376920461654664,"y":0.023743994534015657,"z":-0.0034530421253293754,"w":0.9893324971199036},"size":4.812022686004639,"orthographic":false}